hash,family,p-minimal,p-minimal-cb,clm-ihs,mip-pd,pareto-ihs,pareto-ihs-norm,pareto-ihs-lex,pareto-ihs-noprecomp,pareto-ihs-norcf,pareto-ihs-nowce,pareto-ihs-nomin,pareto-ihs-noseeding,pareto-ihs-cb
009f795766e470b1e3f38815240eeae3,packup,50.5166,10.9844,3600.0,21.0407,10.0,10.0,10.7393,10.0,10.0,10.0,10.0,10.0,10.0
01482a289892ee26689d1c530c329dad,sc-sc,3600.0,3600.0,3600.0,3600.0,3600.0,3600.0,3600.0,3600.0,3600.0,3600.0,3600.0,3600.0,3600.0
01e6ba61c8ac436a870013cbc0373579,sc-ep,25.9529,10.0122,106.146,10.0,10.0,10.0,10.0,10.0,10.0,10.0,10.0,10.0,97.6582
01f0768e486bff9e8c1752f112cbdfcc,sc-sc,3600.0,2109.36,3600.0,95.0385,92.8566,107.642,131.259,98.9987,98.2732,94.8425,95.8949,115.189,2013.53
0227f5945d769e1031c91305a70f27cb,sc-sc,3600.0,3600.0,3600.0,126.791,126.942,116.809,144.478,124.677,127.928,124.218,125.111,131.604,1901.61
031398e89f8c691036f2483ee8d0741e,ftp,10.0,10.0,78.3169,10.0,10.0,10.0,10.0,10.0,10.0,10.0,10.0,10.0,10.0
0397cc3d0e6ee5da56e9fec1374d6e17,packup,3600.0,3600.0,3600.0,3600.0,3600.0,3600.0,3600.0,3600.0,3600.0,3600.0,3600.0,3600.0,3600.0
047e5aa5597ed97dd55e26fc4c17a156,sc-sc,3600.0,3600.0,3600.0,255.984,256.056,267.422,298.128,261.254,256.396,256.855,254.91,309.226,3600.0
04ee83f5b860d2cc2c67a18efe97ee61,packup,3600.0,3600.0,3600.0,362.716,10.5837,11.7555,14.9938,36.848,10.1851,14.8004,10.0,10.6186,10.0
0509514a971a37254f12bb8b60bd911a,dal,3600.0,3600.0,3600.0,3600.0,3600.0,3600.0,3600.0,3600.0,3600.0,3600.0,3600.0,3600.0,3600.0
070cfcf28df41a2d25853d2b6e6410bf,sc-sc,3600.0,38.5172,3600.0,17.5312,17.3286,16.7048,17.2485,17.3768,17.2677,17.1267,17.2869,19.5784,114.712
075752eba5c0f4ec5abacca1cf7877a6,dal,10.0,10.0,3600.0,2591.42,141.475,51.4832,257.566,158.062,130.826,72.3319,80.3194,100.123,66.765
076f8012075b283ca133377b08ebb4a5,packup,3600.0,3600.0,3600.0,3600.0,3600.0,3600.0,3600.0,3600.0,3600.0,3600.0,3600.0,3600.0,3600.0
07b4ae6ee314c78632b353313299a1a8,packup,3600.0,3600.0,3600.0,528.144,16.2069,17.7946,23.7337,19.366,14.8013,25.698,36.765,17.0192,14.8363
07bf0e9791e8c94100b3f44ea0c00f44,mlic,140.229,10.0,3600.0,703.301,10.0,10.0,10.0,64.7644,10.0,14.8374,50.8108,10.0,16.1114
07c2185cda744f10b5cf800d18f6ce3d,packup,3600.0,3600.0,3600.0,3600.0,3600.0,3600.0,3600.0,3600.0,3600.0,3600.0,3600.0,3600.0,3600.0
07faaaa0d2159fa1487a448408d79b53,sc-ep,3600.0,3600.0,3600.0,3600.0,3600.0,3600.0,3600.0,3600.0,3600.0,3600.0,3600.0,3600.0,3600.0
08713e4014212cfb4b5f38af643a7a55,sc-sc,467.537,72.2856,3600.0,1169.41,1225.32,1240.84,3600.0,1174.0,1191.55,1206.98,1173.74,1258.02,1598.83
09b64eae244b66bc7a14da7aad8a9b26,sc-ep,3600.0,3600.0,3600.0,3600.0,3600.0,3600.0,3600.0,3600.0,3600.0,3600.0,3600.0,3600.0,3600.0
0a92f0b6321097b10c84e4cd4c64c66f,spot5,3600.0,200.539,3600.0,295.903,3600.0,3600.0,3600.0,3600.0,3600.0,3600.0,3600.0,3600.0,3600.0
0b5039b970f147846ed101bd6573fcc2,packup,3600.0,3600.0,3600.0,3600.0,3600.0,3600.0,3600.0,3600.0,3600.0,3600.0,3600.0,3600.0,3600.0
0bc6c5e6674f0cd4aa4c3bf1cf2ebc70,packup,103.476,45.939,3600.0,76.9269,10.0,10.0,10.0,10.0,10.0,10.0,10.0,10.0,10.0
0e65b070923f4f234f5e61f7d1159b9b,spot5,3600.0,3600.0,3600.0,3600.0,3600.0,3600.0,3600.0,3600.0,3600.0,3600.0,3600.0,3600.0,3600.0
0ec932de353de4de3bc67c4caec08bb9,spot5,118.743,10.0,3600.0,10.0,10.0,10.0,10.0,10.0,10.0,10.0,10.0,10.0,10.0
0edff75095de9819650c99deab68cd72,dal,3600.0,3600.0,3600.0,3600.0,3600.0,3600.0,3600.0,3600.0,3600.0,3600.0,3600.0,3600.0,3600.0
0efa64e644876727fbb7dc84635a18a1,sc-sc,3600.0,3600.0,3600.0,3600.0,3600.0,3600.0,3600.0,3600.0,3600.0,3600.0,3600.0,3600.0,3600.0
0f21ca848d796b61049c7c650a9b6e3e,spot5,3600.0,3600.0,3600.0,3600.0,3600.0,3600.0,3600.0,3600.0,3600.0,3600.0,3600.0,3600.0,3600.0
1268a856ade793b1cd358628bc21ec20,sc-ep,513.159,289.152,3600.0,1183.4,1164.31,1343.65,3600.0,1173.17,1200.96,1154.98,1175.37,1743.09,3600.0
1315c7a70e5233b354e17e8eb55fa9e9,mlic,974.355,1441.69,3600.0,3600.0,3600.0,3600.0,3600.0,3600.0,3600.0,3600.0,3600.0,3600.0,3600.0
13d31acb79375c7fddc4c7dcfb2dacf9,packup,105.218,82.4292,3600.0,250.834,448.965,399.263,465.41,632.615,462.726,1001.87,3600.0,543.327,499.651
147f20278556741a5052816b259c3318,sc-sc,3600.0,3600.0,3600.0,3600.0,3600.0,3600.0,3600.0,3600.0,3600.0,3600.0,3600.0,3600.0,3600.0
14ebdfdede4d00ddb39afd0ec2e96272,ftp,10.0,10.0,68.7221,10.0,10.0,10.0,10.0,10.0,10.0,10.0,10.0,10.0,10.0
1502e8556290e5b1a5275e952c42a374,sc-ep,2213.34,214.024,3600.0,38.0186,38.6107,34.5453,29.6473,39.4802,38.3096,38.8117,39.643,33.3723,500.712
153425bbc2702d657d9c66ae34afe738,sc-sc,3600.0,3600.0,3600.0,3600.0,3600.0,3600.0,3600.0,3600.0,3600.0,3600.0,3600.0,3600.0,3600.0
17c2f3f84e9aacf7b04df74cd2c43d37,dal,3600.0,3600.0,3600.0,3600.0,3600.0,3600.0,3600.0,3600.0,3600.0,3600.0,3600.0,3600.0,3600.0
1a4e608b8d8a1f0420d16d02d70b05a0,ftp,16.9272,20.4232,643.081,10.0,10.0,10.0,10.0,10.0,10.0,10.0,10.0,10.0,42.6946
1ac6f6094567599c439191c482f9cc53,dal,468.697,241.388,3600.0,3600.0,3600.0,3600.0,3600.0,3600.0,3600.0,3600.0,3600.0,3600.0,3600.0
1b3547798a5f706b451f02f9a621a3e7,dal,3600.0,3600.0,3600.0,3600.0,3600.0,3600.0,3600.0,3600.0,3600.0,3600.0,3600.0,3600.0,3600.0
1c124d4903de29a6242f36f2c4da3c2d,sc-sc,3009.11,406.514,3600.0,22.9834,22.7964,22.7088,21.9874,22.2082,22.3679,22.8717,22.507,21.1613,1126.61
1c27b662ac78a18c44557288a74ddfd8,packup,3600.0,3600.0,3600.0,3600.0,3600.0,3600.0,3600.0,3600.0,3600.0,3600.0,3600.0,3600.0,3600.0
1e0751ac703477a77344ef45e3393c32,mlic,3600.0,3600.0,3600.0,3600.0,3600.0,3600.0,3600.0,3600.0,3600.0,3600.0,3600.0,3600.0,3600.0
1e75dc1f7e54c338746276b8754610a4,ftp,3600.0,3600.0,3600.0,1581.02,3600.0,3600.0,3600.0,3600.0,3600.0,3600.0,3600.0,3600.0,3600.0
1ff7879b2ff6f0a2208cd9465034b1cc,sc-sc,3600.0,3600.0,3600.0,3600.0,3600.0,3600.0,3600.0,3600.0,3600.0,3600.0,3600.0,3600.0,3600.0
222095ebf5fd1c387e6eece2ab95779d,sc-sc,3600.0,3600.0,3600.0,3600.0,3600.0,3600.0,3600.0,3600.0,3600.0,3600.0,3600.0,3600.0,3600.0
22212ae3e1db9ae447557aad19853e67,packup,3600.0,3600.0,3600.0,3600.0,3600.0,3600.0,3600.0,3600.0,3600.0,3600.0,3600.0,3600.0,3600.0
22c5e38b46c43255d18c6a47770aa5d6,packup,3600.0,3600.0,3600.0,3600.0,3600.0,3600.0,3600.0,3600.0,3600.0,3600.0,3600.0,3600.0,3600.0
232fd6e757d32d3a572e91b5c2f2a271,sc-ep,3600.0,3600.0,3600.0,3600.0,3600.0,3600.0,3600.0,3600.0,3600.0,3600.0,3600.0,3600.0,3600.0
24234fdf05503b95e9e10f24fc73f0ae,packup,2305.35,1033.99,3600.0,3600.0,3600.0,3600.0,3600.0,3600.0,3600.0,3600.0,3600.0,2993.12,3600.0
268eb33adb274db95ef66bf91c67fedb,sc-sc,2280.33,191.356,3600.0,3600.0,3600.0,3600.0,3600.0,3600.0,3600.0,3600.0,3600.0,3600.0,3600.0
27f27886984b4ddc53c1fa3ada3481db,ftp,42.8597,43.5109,3600.0,10.0,10.0,10.0,10.0,12.2484,10.0,12.5216,26.0192,15.0861,18.2694
28868a6132fdd1424c3acf87356e4a12,mlic,3600.0,3600.0,3600.0,3600.0,3600.0,3600.0,3600.0,3600.0,3600.0,3600.0,3600.0,3600.0,3600.0
2ab0e5e19157a6f2bea0a9d9e145420b,ftp,3600.0,3600.0,3600.0,3600.0,3600.0,3600.0,3600.0,3600.0,3600.0,3600.0,3600.0,3600.0,3600.0
2ab2874447da70df4d71cd7f6a25be27,sc-ep,3600.0,3600.0,3600.0,3600.0,3600.0,3600.0,3600.0,3600.0,3600.0,3600.0,3600.0,3600.0,3600.0
2c9525756454e7cbf1a64b26f6dcef9b,sc-ep,3600.0,3600.0,3600.0,3600.0,3600.0,3600.0,3600.0,3600.0,3600.0,3600.0,3600.0,3600.0,3600.0
2e204bb754419f773006a5bc557fe839,sc-ep,3600.0,3600.0,3600.0,3600.0,3600.0,3600.0,3600.0,3600.0,3600.0,3600.0,3600.0,3600.0,3600.0
2e4226463e89a35d27504edbfc54004b,packup,3600.0,3600.0,3600.0,3600.0,3600.0,3600.0,3600.0,3600.0,3600.0,3600.0,3600.0,3600.0,3600.0
2ff24a5dced797320f27232466bce889,sc-sc,3600.0,1139.22,3600.0,69.7719,70.0846,72.7616,55.2428,68.1845,69.5849,70.7581,68.2303,61.2809,662.492
3092469ef39e1a02aa0a55042f8c18b5,packup,3600.0,3600.0,3600.0,3600.0,3600.0,3600.0,3600.0,3600.0,3600.0,3600.0,3600.0,3600.0,3600.0
31aee70e38e9fd44c0a2cf34ef844a0f,dal,3600.0,3600.0,3600.0,3600.0,3600.0,3600.0,3600.0,3600.0,3600.0,3600.0,3600.0,3600.0,3600.0
31db819ad78d0ec2de1664450bed40fa,packup,3600.0,3600.0,3600.0,3600.0,3600.0,3600.0,3600.0,3600.0,3600.0,3600.0,3600.0,3600.0,3600.0
31e4ff66d1ebe5140fecb150d6ae30c4,sc-ep,19.0953,11.018,47.3574,10.0,10.0,10.0,10.0,10.0,10.0,10.0,14.7891,10.0,27.7806
32b7ab4e9b090b0080e610b6a828bf4a,dal,837.458,1025.59,3600.0,3600.0,3600.0,3600.0,3600.0,3600.0,3600.0,3600.0,3600.0,3600.0,3600.0
32fe4527cc9d2c943f03b2ae19ba0611,ftp,10.0,10.0,10.0,10.0,10.0,10.0,10.0,10.0,10.0,10.0,10.0,10.0,10.0
3318c7296eb4e2daf1600b4a995439ee,sc-sc,77.8855,10.0,52.7864,10.0,10.0,10.0,10.0,10.0,10.0,10.0,10.0,10.0,10.0
33e11aa599569ed726efe69aa1b3c729,dal,3600.0,3600.0,3600.0,3600.0,3600.0,3600.0,3600.0,3600.0,3600.0,3600.0,3600.0,3600.0,3600.0
3435234134749262bd452fff55ca0570,sc-sc,10.0,10.0,10.3138,10.0,10.0,10.0,10.0,10.0,10.0,10.0,10.0,10.0,10.0
3444d178eedf50f68ba9c76aaa66f8af,dal,3600.0,3600.0,3600.0,3600.0,3600.0,3600.0,3600.0,3600.0,3600.0,3600.0,3600.0,3600.0,3600.0
345736ead1301d9062a6e7be9ea4abb1,dal,3600.0,3600.0,3600.0,3600.0,3600.0,3600.0,3600.0,3600.0,3600.0,3600.0,3600.0,3600.0,3600.0
357fb875c43b7cf7601a036af52c38ca,dal,3600.0,3600.0,3600.0,3600.0,3600.0,3600.0,3600.0,3600.0,3600.0,3600.0,3600.0,3600.0,3600.0
360b3e905a9a46c00aeb9c3bec002777,dal,3600.0,1546.28,3600.0,3600.0,3600.0,3600.0,3600.0,3600.0,3600.0,3600.0,3600.0,3600.0,3600.0
36a9bf6ffd3aec2359699754b70d645a,sc-sc,3600.0,3600.0,3600.0,3600.0,3600.0,3600.0,3600.0,3600.0,3600.0,3600.0,3600.0,3600.0,3600.0
3773725af3add28ceac9a27e0d24b2c9,sc-ep,117.379,179.492,794.323,349.898,355.584,415.154,2783.14,360.237,351.735,352.606,361.855,808.992,3600.0
38167edd174087419669140c667367a5,mlic,3600.0,3600.0,3600.0,3600.0,3600.0,3600.0,3600.0,3600.0,3600.0,3600.0,3600.0,3600.0,3600.0
386e107b4f5da0ad75c8f1547d14bba5,mlic,3600.0,3600.0,3600.0,3600.0,3600.0,3600.0,3600.0,3600.0,3600.0,3600.0,3600.0,3600.0,3600.0
3a24598408dda4cef696c5358399e8a4,packup,11.2074,10.9211,2628.79,10.0,10.0,10.0,10.0,10.0,10.0,10.0,10.0,10.0,10.0
3a7987a756553622b94585d1122d7159,ftp,339.459,1032.99,3600.0,10.0,31.2436,48.227,37.0517,67.9135,23.7278,53.7251,374.009,117.276,3600.0
3acbe9aa277501da6664b375dd6fa7e4,sc-sc,3600.0,3600.0,3600.0,3600.0,3600.0,3600.0,3600.0,3600.0,3600.0,3600.0,3600.0,3600.0,3600.0
3adb3917e477f3934e7882947ef9a2dd,packup,3600.0,3600.0,3600.0,3600.0,3600.0,3600.0,3600.0,3600.0,3600.0,3600.0,3600.0,3600.0,3600.0
3afdabae0f587608e7b1906958ff5343,packup,3600.0,3600.0,3600.0,3600.0,3600.0,3600.0,3600.0,3600.0,3600.0,3600.0,3600.0,3600.0,3600.0
3b8c60f9e93ac10c91f1dca93b88287e,sc-sc,3600.0,1145.99,3600.0,3600.0,3600.0,2768.7,3600.0,3600.0,3600.0,3600.0,3600.0,3600.0,3600.0
3bdb4cffb5763d05b95c4739b38e2a4d,packup,3600.0,3600.0,3600.0,673.827,102.945,52.2639,185.574,227.783,107.317,161.873,1185.32,108.956,104.499
3c5bfaf1919388496c6b0da7d5add441,packup,3600.0,3600.0,3600.0,147.102,10.0,10.0,10.0,10.0,10.0,10.0,26.3492,10.0,10.0
3db25186c54fee4dca197ccfe7bb8e43,packup,3600.0,3600.0,3600.0,3600.0,3600.0,3600.0,3600.0,3600.0,3600.0,3600.0,3600.0,3600.0,3600.0
3f6887a8435d59ae0014cb5f4e6bfc88,packup,3600.0,3600.0,3600.0,3600.0,3600.0,3600.0,3600.0,3600.0,3600.0,3600.0,3600.0,3600.0,3600.0
401891b1d8264e88f74cf81d62ea14ce,mlic,912.883,34.6696,3600.0,1448.36,10.0,10.0,10.0,10.2809,10.0,19.1856,3600.0,10.0,98.1976
4042b2c7f1c72819cd1b8c4b9da0f304,packup,3600.0,3600.0,3600.0,3600.0,3600.0,3600.0,3600.0,3600.0,3600.0,3600.0,3600.0,3600.0,3600.0
444c8c91f93e65644c5734ffb8cc4e92,sc-sc,3600.0,2524.24,3600.0,3600.0,3600.0,3600.0,3600.0,3600.0,3600.0,3600.0,3600.0,3600.0,3600.0
4676f13c9e1e1b325c39ea5aa85471fa,sc-ep,35.5526,29.1912,197.948,170.116,168.594,188.968,673.741,165.811,166.604,166.024,172.821,302.774,1192.01
46b6f6c327b22bb712ff9195dd5d870c,sc-ep,3600.0,3600.0,3600.0,3600.0,3600.0,3600.0,3600.0,3600.0,3600.0,3600.0,3600.0,3600.0,3600.0
47701022e6331b0cfb45301ef0c21e14,packup,3600.0,3600.0,3600.0,3600.0,3600.0,3600.0,3600.0,3600.0,3600.0,3600.0,3600.0,3600.0,3600.0
4c1fc2d9124a08f97e58b58aeeb7e445,sc-ep,3600.0,1158.23,3600.0,3600.0,3600.0,3600.0,3600.0,3600.0,3600.0,3600.0,3600.0,3600.0,3600.0
4ce23ebf7e7fc41ba80703ff5b6fb023,ftp,3600.0,3600.0,3600.0,2547.16,3600.0,3600.0,3600.0,3600.0,3600.0,3600.0,3600.0,3600.0,3600.0
4f2027952e6e2c9e10b496594bb7d9d0,packup,3600.0,3600.0,3600.0,3600.0,3600.0,3600.0,3600.0,3600.0,3600.0,3600.0,3600.0,3600.0,3600.0
4f6237dc32086b905e38df19c02b2497,sc-sc,57.5863,10.0,53.3012,10.0,10.0,10.0,10.0,10.0,10.0,10.0,10.0,10.0,10.0
4fb5312f0014b8093072a8ded7bc9328,sc-ep,3600.0,3600.0,3600.0,3600.0,3600.0,3600.0,3600.0,3600.0,3600.0,3600.0,3600.0,3600.0,3600.0
5060fd7293ce4f2bdcae10efaee0f2bf,packup,3600.0,3600.0,3600.0,665.609,24.2725,26.5526,41.5085,180.169,23.7554,47.5327,48.061,24.8143,29.3123
50f5cf48d7ef907b393da6c7feaf6303,packup,3600.0,3600.0,3600.0,3600.0,3600.0,3600.0,3600.0,3600.0,3600.0,3600.0,3600.0,3600.0,3600.0
5117828330d487f3ac684d89d92f1679,sc-ep,3600.0,3600.0,3600.0,3600.0,3600.0,3600.0,3600.0,3600.0,3600.0,3600.0,3600.0,3600.0,3600.0
51399e82dfb704611f83fa2be12ad385,packup,3600.0,3600.0,3600.0,3600.0,3600.0,3600.0,3600.0,3600.0,3600.0,3600.0,3600.0,3600.0,3600.0
554a2c6a5f81f5b3501b7c385ca2eb43,sc-ep,100.953,139.207,823.467,2136.69,2163.12,2051.1,3600.0,2109.44,2150.97,2172.24,2116.89,3600.0,3600.0
55b54c457e29a7f72a923810cb77452f,packup,3600.0,3600.0,3600.0,3600.0,3600.0,3600.0,3600.0,3600.0,3600.0,3600.0,3600.0,3600.0,3600.0
55fe9188eb9c458e72cf4a4fba207639,sc-sc,3600.0,3600.0,3600.0,3600.0,3600.0,3600.0,3600.0,3600.0,3600.0,3600.0,3600.0,3600.0,3600.0
561c2ec775532b9a5786aff5b9def233,sc-sc,911.154,80.5598,3600.0,357.928,370.585,379.724,3600.0,361.316,373.55,353.715,362.806,631.837,1678.94
56a79fa943d1f1e40c2fbb9722dbc407,sc-ep,324.982,229.336,3600.0,546.545,545.639,545.775,3600.0,566.822,562.971,547.327,559.481,748.614,3600.0
5783721b7bf356508063dba6bd084fd2,packup,3600.0,2193.43,3600.0,3600.0,3600.0,3600.0,3600.0,3600.0,3600.0,3600.0,3600.0,3600.0,3600.0
579a16a81adc704de38e7a8e5f265d24,sc-ep,486.562,40.9123,1060.51,21.5361,21.1364,22.8821,19.7293,21.1056,20.9227,21.5475,21.457,19.2387,93.9595
57e189a3d90b17898482724487daaf7b,sc-sc,3600.0,3600.0,3600.0,3600.0,3600.0,3600.0,3600.0,3600.0,3600.0,3600.0,3600.0,3600.0,3600.0
57f18193ec269d195eb527c11e8c4fef,sc-sc,3600.0,3600.0,3600.0,3600.0,3600.0,3600.0,3600.0,3600.0,3600.0,3600.0,3600.0,3600.0,3600.0
585bffe368aeab19989a9ffcb39802ac,sc-ep,3600.0,3600.0,3600.0,3600.0,3600.0,3600.0,3600.0,3600.0,3600.0,3600.0,3600.0,3600.0,3600.0
5936f6ca43c4a0b9c44b2daaaec47651,packup,3600.0,3600.0,3600.0,3600.0,3600.0,3600.0,3600.0,3600.0,3600.0,3600.0,3600.0,3600.0,3600.0
5a1eb585ce69f117a69ed97d19588f26,sc-sc,3600.0,224.918,3600.0,19.3276,19.4322,17.4569,31.7021,19.6365,19.6048,20.2149,20.3414,18.5203,57.2245
5a3ebc2bda417dcebbb6a451de918f92,sc-ep,3600.0,1504.05,3600.0,2721.45,2709.64,2502.86,3600.0,2789.74,2720.77,2678.35,2781.57,3214.92,3600.0
5aa7bf583518cebd3dbe077cb1d718f3,sc-sc,3600.0,3600.0,3600.0,3600.0,3600.0,3600.0,3600.0,3600.0,3600.0,3600.0,3600.0,3600.0,3600.0
5b3159d63dfa3b5bfeae9d886d2721ea,packup,3600.0,3600.0,3600.0,3600.0,3600.0,3600.0,3600.0,3600.0,3600.0,3600.0,3600.0,3600.0,3600.0
5b9c1410897855abf71a1650be481a30,mlic,3600.0,3600.0,3600.0,3600.0,3600.0,3600.0,3600.0,3600.0,3600.0,3600.0,3600.0,3600.0,3600.0
5cbbf5a7bc8a11d74a2d6ad6ee836cf1,sc-sc,3600.0,3600.0,3600.0,3600.0,3600.0,3600.0,3600.0,3600.0,3600.0,3600.0,3600.0,3600.0,3600.0
5ce0e5d17ef7e60f376a75f98e2da952,sc-sc,3600.0,3600.0,3600.0,3600.0,3600.0,3600.0,3600.0,3600.0,3600.0,3600.0,3600.0,3600.0,3600.0
5d72b75134c53f14033be4a64eb60acc,packup,3600.0,3600.0,3600.0,3600.0,3600.0,3600.0,3600.0,3600.0,3600.0,3600.0,3600.0,3600.0,3600.0
5e38c60dd9db2e23c6cc488a015eea05,sc-ep,3600.0,3600.0,3600.0,3600.0,3600.0,3600.0,3600.0,3600.0,3600.0,3600.0,3600.0,3600.0,3600.0
5fa5db8d9075b956004be16c33a0937c,sc-sc,3600.0,2264.71,3600.0,3600.0,3600.0,3600.0,3600.0,3600.0,3600.0,3600.0,3600.0,3600.0,3600.0
60378dfd8ac4fd5714efd71be41b57ac,sc-ep,3600.0,2074.83,3600.0,3600.0,3600.0,3600.0,3600.0,3600.0,3600.0,3600.0,3600.0,3600.0,3600.0
6067235eafdfd54c023f9f64b65aaa9f,ftp,3600.0,3600.0,3600.0,3600.0,3600.0,3600.0,3600.0,3600.0,3600.0,3600.0,3600.0,3600.0,3600.0
60fa9aa5879a8e6fc866911d29f2354d,packup,3600.0,3600.0,3600.0,554.659,83.1974,91.8988,181.995,145.125,83.4159,301.374,141.668,105.289,1735.02
61755b78779543d662b98e52fb365aad,sc-sc,32.5363,10.0,57.5598,10.0,10.0,10.0,10.0,10.0,10.0,10.0,10.0,10.0,10.0
6438309a46229d4d93b6d1e59c9db42e,sc-ep,3600.0,3600.0,3600.0,3600.0,3600.0,3600.0,3600.0,3600.0,3600.0,3600.0,3600.0,3600.0,3600.0
64811ca5f024469114e51339b0503689,packup,3600.0,3600.0,3600.0,3600.0,3600.0,3600.0,3600.0,3600.0,3600.0,3600.0,3600.0,3600.0,3600.0
649cc658e0b97e81734cff0f31c7c84f,ftp,3600.0,3600.0,3600.0,3600.0,3600.0,3600.0,3600.0,3600.0,3600.0,3600.0,3600.0,3600.0,3600.0
651a2c3f5586e3bd58287bd516c68762,sc-ep,1258.25,798.192,3600.0,97.307,100.959,109.444,115.72,100.968,101.853,99.1288,101.18,107.586,3342.59
66df4b4dfbcebeedae549fdb11380b9e,spot5,3600.0,53.726,3600.0,3600.0,3600.0,3600.0,3600.0,3600.0,3600.0,3600.0,3600.0,3600.0,3600.0
670228cb53aaad5bae5bbcdbd4694eef,packup,3600.0,3600.0,3600.0,3600.0,3600.0,3600.0,3600.0,3600.0,3600.0,3600.0,3600.0,3600.0,3600.0
6712dff0ed0a74af45389168f50895b5,sc-ep,3600.0,3600.0,3600.0,3600.0,3600.0,3600.0,3600.0,3600.0,3600.0,3600.0,3600.0,3600.0,3600.0
6b732169a80306c81dc1fa4a560d710d,packup,3600.0,3600.0,3600.0,3600.0,3600.0,3600.0,3600.0,3600.0,3600.0,3600.0,3600.0,3600.0,3600.0
6c2a8fb12275bf828408cc28d6ccf78d,sc-ep,269.636,333.088,3600.0,3600.0,3600.0,3600.0,3600.0,3600.0,3600.0,3600.0,3600.0,3600.0,3600.0
6cc25d5887a33a19971b4d41de2a795a,packup,3600.0,3600.0,3600.0,3600.0,3600.0,3600.0,3600.0,3600.0,3600.0,3600.0,3600.0,3600.0,3600.0
6cd6fadd2059109232e5261dcadbc5b4,sc-ep,74.0282,10.7929,329.43,10.0,10.0,10.0,10.0,10.0,10.0,10.0,10.0,10.0,16.5095
6ceb796b44dfa5288525f96ea15dc9c7,sc-sc,3600.0,3600.0,3600.0,3600.0,3600.0,3600.0,3600.0,3600.0,3600.0,3600.0,3600.0,3600.0,3600.0
6d2001cb08df62fb79d14e9a7d8af992,ftp,962.82,3600.0,3600.0,855.689,3600.0,3600.0,3600.0,3600.0,3600.0,3600.0,3600.0,3600.0,3600.0
6d9c17ad153543e21ab256ec747b2440,sc-sc,3600.0,3600.0,3600.0,3600.0,3600.0,3600.0,3600.0,3600.0,3600.0,3600.0,3600.0,3600.0,3600.0
6e306917c770ef1e82acf83e832bd7b6,sc-ep,10.0,10.0,17.1625,10.0,10.0,10.0,10.0,10.0,10.0,10.0,10.0,10.0,10.0
6f14e8ad27368dfc7662760ab43c28c2,spot5,3600.0,65.053,3600.0,3600.0,3600.0,3600.0,3600.0,3600.0,3600.0,3600.0,3600.0,3600.0,3600.0
6f467a10785cb8c5180815495dc103e3,mlic,1928.45,1156.45,3600.0,3600.0,3600.0,3600.0,3600.0,3600.0,3600.0,3600.0,3600.0,3600.0,3600.0
70740bede8009a4139f2699790538012,sc-ep,3600.0,3600.0,3600.0,3600.0,3600.0,3600.0,3600.0,3600.0,3600.0,3600.0,3600.0,3600.0,3600.0
70bd8409709f80ce7d2d2b0b96a281ec,packup,3600.0,3600.0,3600.0,3600.0,3600.0,3600.0,3600.0,3600.0,3600.0,3600.0,3600.0,3600.0,3600.0
71177f687696f60a600f240dabe82054,sc-sc,3600.0,2117.36,3600.0,3600.0,3600.0,3600.0,3600.0,3600.0,3600.0,3600.0,3600.0,3600.0,3600.0
71bbb3544d9abdaea032b3d3fadb97bb,packup,3600.0,3600.0,3600.0,430.138,15.4702,17.5592,22.4097,15.5055,14.6478,18.9507,14.0754,13.1924,11.8496
726cbf26fd873f60a03422290fb74ed7,packup,3600.0,3600.0,3600.0,3600.0,3600.0,3600.0,3600.0,3600.0,3600.0,3600.0,3600.0,3600.0,3600.0
729c73e23ac770a4196b5c4f7b226fbc,sc-ep,3564.44,769.97,3600.0,3600.0,3600.0,3600.0,3600.0,3600.0,3600.0,3600.0,3600.0,3600.0,3600.0
72b04ee5cc27072aadfd5fbdd9563a6e,spot5,3600.0,3600.0,3600.0,3600.0,3600.0,3600.0,3600.0,3600.0,3600.0,3600.0,3600.0,3600.0,3600.0
72cdf8301689b11f04f232490c3ca070,packup,3600.0,3600.0,3600.0,3600.0,3600.0,3600.0,3600.0,3600.0,3600.0,3600.0,3600.0,3600.0,3600.0
72d16dfd747cca8d3fe023507638abdf,spot5,3600.0,3600.0,3600.0,3600.0,3600.0,3600.0,3600.0,3600.0,3600.0,3600.0,3600.0,3600.0,3600.0
7329ff9eb1e55b74bccec55f95e95aeb,sc-sc,3600.0,3600.0,3600.0,3600.0,3600.0,3600.0,3600.0,3600.0,3600.0,3600.0,3600.0,3600.0,3600.0
734608d8e46adb73334f446c04a47ace,sc-sc,3600.0,3386.59,3600.0,3600.0,3600.0,3600.0,3600.0,3600.0,3600.0,3600.0,3600.0,3600.0,3600.0
742b1bb3b269c5d6c7ae4ea0439b3dcb,sc-ep,3600.0,3600.0,3600.0,3600.0,3600.0,3600.0,3600.0,3600.0,3600.0,3600.0,3600.0,3600.0,3600.0
771885d4f988b5d80aba04e5d35e1cce,sc-ep,3600.0,3600.0,3600.0,131.859,131.122,137.763,136.376,136.206,134.4,135.268,133.05,134.079,3600.0
793454eded174e060d4dbe0559ae2591,sc-ep,142.87,28.1835,494.438,20.7226,20.8117,19.8754,10.0,20.3998,20.465,20.7172,20.3088,21.1993,237.99
7a3bce4188386ae8a0ce895a1bcb401c,sc-sc,3600.0,3600.0,3600.0,3600.0,3600.0,3600.0,3600.0,3600.0,3600.0,3600.0,3600.0,3600.0,3600.0
7af88f7a09da63906c9066bfbff939c4,packup,1078.53,947.442,3600.0,3600.0,3247.5,2864.34,3600.0,3600.0,3600.0,3600.0,3600.0,2459.05,2532.41
7c61a017aecacf2b51a2725200e39971,sc-ep,3600.0,1956.4,3600.0,93.6569,91.2302,87.321,76.8285,93.5943,90.9177,91.2031,93.9611,90.6931,833.44
7c7cca64b0a56b4a0eb2896597d73b4a,sc-sc,3600.0,62.7545,3600.0,17.0298,16.9587,16.9932,26.105,17.4737,16.9954,17.0228,17.538,28.8426,17.369
7eff5f4c4ad15a2d95e2b28e0e28f10c,sc-sc,3600.0,3600.0,3600.0,314.73,313.019,339.013,383.176,324.797,315.643,315.264,324.835,342.84,1146.77
80087904f316742b934e9705277839cf,packup,3600.0,3600.0,3600.0,3600.0,3600.0,3600.0,3600.0,3600.0,3600.0,3600.0,3600.0,3600.0,3600.0
81e80db1fe1e4b267adee32727d66dee,sc-ep,3600.0,3600.0,3600.0,3600.0,3600.0,3600.0,3600.0,3600.0,3600.0,3600.0,3600.0,3600.0,3600.0
81fccc98a8e003595f2150d0587f68a8,sc-sc,3600.0,3600.0,3600.0,3600.0,3600.0,3600.0,3600.0,3600.0,3600.0,3600.0,3600.0,3600.0,3600.0
827f6828784e779af21f189c6ecf386a,packup,52.7998,10.0,3600.0,44.8974,10.0,10.0,10.0,10.0,10.0,10.0,10.0,10.0,10.0
82a02644c2e7a4fb744a667602d314cd,packup,3600.0,3600.0,3600.0,3600.0,3600.0,3600.0,3600.0,3600.0,3600.0,3600.0,3600.0,3600.0,3600.0
82d2ab8d8cebfb9009249b8ff01c8924,sc-ep,961.638,540.904,3600.0,1204.15,1162.78,1991.63,3600.0,1165.79,1164.81,1205.34,1199.7,1536.4,3600.0
83eff89d5cd015ff9f9e03615b6b44d1,packup,3600.0,3600.0,3600.0,3600.0,3600.0,3600.0,3600.0,3600.0,3600.0,3600.0,3600.0,3600.0,3600.0
8602633a2a4724dba5ddce6a9f1cf92a,sc-ep,505.291,491.663,3600.0,3600.0,3600.0,3600.0,3600.0,3600.0,3600.0,3600.0,3600.0,3600.0,3600.0
86eaaab22cd67f0a7e3b0fc7abd061f6,sc-ep,3600.0,3600.0,3600.0,3600.0,3600.0,3600.0,3600.0,3600.0,3600.0,3600.0,3600.0,3600.0,3600.0
8766a0a64a1c4f09e3173e6be5ab0c5a,sc-sc,3600.0,3600.0,3600.0,3600.0,3600.0,3600.0,3600.0,3600.0,3600.0,3600.0,3600.0,3600.0,3600.0
89550535db79c395ddb4622f0639c6ba,ftp,1210.51,988.878,3600.0,10.0,32.2094,38.7937,47.3471,45.8182,28.1976,58.3486,3072.11,138.681,3600.0
8982ba0afec6f77980e52954469a58a1,sc-sc,3600.0,577.793,3600.0,2673.38,2718.2,3312.87,3600.0,2655.05,2704.79,2667.75,2728.84,3600.0,3600.0
8a14548510e73a0ef067515aaff95402,sc-ep,3600.0,3600.0,3600.0,3600.0,3600.0,3600.0,3600.0,3600.0,3600.0,3600.0,3600.0,3600.0,3600.0
8a920ab5f86c7a93a9ddc420c12ad3ac,sc-ep,3600.0,3600.0,3600.0,3600.0,3600.0,3600.0,3600.0,3600.0,3600.0,3600.0,3600.0,3600.0,3600.0
8af156b18a8cc316442b68ede08b1e6e,dal,3600.0,3600.0,3600.0,3600.0,3600.0,3600.0,3600.0,3600.0,3600.0,3600.0,3600.0,3600.0,3600.0
8b32d5c40acb3b8eefcdb9981b9d7ddc,sc-sc,3600.0,3600.0,3600.0,3600.0,3600.0,3600.0,3600.0,3600.0,3600.0,3600.0,3600.0,3600.0,3600.0
8b4d9404821c66ed9740c451bbcb5718,sc-ep,103.269,42.9488,220.002,151.771,157.965,190.051,265.075,157.079,156.619,156.709,153.907,156.028,753.113
8b7f39290381eaad8c3d60c90ce45c30,packup,3600.0,3600.0,3600.0,3600.0,3600.0,3600.0,3600.0,3600.0,3600.0,3600.0,3600.0,3600.0,3600.0
8e0f79a672addebe28c266db09cdf75a,sc-ep,89.1194,93.3399,653.308,496.735,493.963,418.185,3600.0,493.297,494.21,475.342,502.83,721.608,3600.0
8e4c58416cc0479df38a1b63c4c2d7d7,packup,3600.0,3600.0,3600.0,1373.65,1862.65,3600.0,1820.56,2347.47,1789.06,1713.5,1572.87,2208.38,2037.51
8f0e2886b7abf537a04fa1999caad5d0,sc-ep,25.3218,10.9972,126.997,10.0,10.0,10.0,10.0,10.0,10.0,10.0,10.0,10.0,87.5212
8f600311e42396f138c28288a38e0116,sc-ep,66.2937,42.3227,356.43,16.5848,16.4219,14.8273,12.7076,17.0113,16.526,16.5753,16.5085,19.5764,377.183
8f9892dedefe1b8aabc92f1bb82aded1,mlic,855.161,32.9454,3600.0,3600.0,10.0,10.0,10.0,109.341,10.0,49.4594,82.7276,10.0,55.0786
8fd2d8bc28dc6e83e2c5326f8a67cc73,packup,3600.0,3600.0,3600.0,3600.0,3600.0,3600.0,3600.0,3600.0,3600.0,3600.0,3600.0,3600.0,3600.0
90219cbde0a4361a7dd018bb555517d9,sc-ep,3600.0,3600.0,3600.0,3600.0,3600.0,3600.0,3600.0,3600.0,3600.0,3600.0,3600.0,3600.0,3600.0
90a40092dcce02c580e0ca61bef28ff9,sc-ep,16.1341,10.3973,38.2167,10.0,10.0,10.0,10.0,10.0,10.0,10.0,10.0,10.0,10.0
90bb8a0566f79b68a19254f4151b5bb7,packup,3600.0,3600.0,3600.0,3600.0,3600.0,3600.0,3600.0,3600.0,3600.0,3600.0,3600.0,3600.0,3600.0
91f3163d7b450125e1b27c79cad4538a,sc-ep,3600.0,3600.0,3600.0,3600.0,3600.0,3600.0,3600.0,3600.0,3600.0,3600.0,3600.0,3600.0,3600.0
93061f24668071794708f6177af1f526,sc-ep,3600.0,3600.0,3600.0,3600.0,3600.0,3600.0,3600.0,3600.0,3600.0,3600.0,3600.0,3600.0,3600.0
934381b3c56b9cfc3c8f67f95ba06831,sc-sc,2337.95,90.8492,3600.0,2609.87,2492.33,1997.92,3600.0,2475.67,2453.81,2459.98,2454.8,3600.0,3600.0
95791a2bb98dbfdd032b6e3eb6407aad,packup,3600.0,3600.0,3600.0,3600.0,3600.0,3600.0,3600.0,3600.0,3600.0,3600.0,3600.0,3600.0,3600.0
95b79ee1ec1bd33df6c79aa80050c9a6,packup,3600.0,3600.0,3600.0,3600.0,3600.0,3600.0,3600.0,3600.0,3600.0,3600.0,3600.0,3600.0,3600.0
96366878e0a30f295d7c308c2094db3f,spot5,3600.0,10.0,3600.0,10.0,3600.0,3600.0,3600.0,3600.0,3600.0,3600.0,3600.0,3600.0,10.0
978070b7d5c4d72387420381ca7d5c05,spot5,3600.0,10.0,3600.0,10.0,3600.0,3600.0,3600.0,3600.0,3600.0,3600.0,3600.0,3600.0,10.0
97c32aeae9382ac4b232761f5ab5c94f,packup,55.0813,10.0,3600.0,70.6765,10.0,10.0,10.0,10.0,10.0,10.0,10.0,10.0,10.0
98aeb3b45dd3a4f81a4fca2d6e0bbb58,sc-sc,3600.0,3600.0,3600.0,3600.0,3600.0,3600.0,3600.0,3600.0,3600.0,3600.0,3600.0,3600.0,3600.0
98b7a6e542e8cb0cb1ca27038eb717f2,sc-ep,3600.0,3600.0,3600.0,3600.0,3600.0,3600.0,3600.0,3600.0,3600.0,3600.0,3600.0,3600.0,3600.0
9981c5a369d1abf051034fc4c7484000,sc-sc,3600.0,3600.0,3600.0,3600.0,3600.0,3600.0,3600.0,3600.0,3600.0,3600.0,3600.0,3600.0,3600.0
9a0771156f5c0b837b1d50fa633a238f,spot5,3600.0,10.9424,3600.0,22.0849,3600.0,3600.0,3600.0,3600.0,3600.0,3600.0,3600.0,3600.0,3600.0
9a1641e2609784397c8e02edec551d4d,sc-ep,3600.0,3600.0,3600.0,3600.0,3600.0,3600.0,3600.0,3600.0,3600.0,3600.0,3600.0,3600.0,3600.0
9a8d3c5dc7be7ff0f8584ee35beba509,sc-sc,3600.0,100.141,3600.0,55.6964,55.6835,61.3383,66.0288,55.4458,55.9208,53.5987,54.7412,52.1572,50.8053
9b70e52703110c342635b80bd5c08c74,packup,3600.0,3600.0,3600.0,3600.0,3600.0,3600.0,3600.0,3600.0,3600.0,3600.0,3600.0,3600.0,3600.0
9c347b6aee0bf0e5f2aa2f22f082f7c2,sc-ep,3600.0,741.485,3600.0,2472.19,2479.56,2421.8,3600.0,2469.18,2480.46,2405.91,2420.84,2908.14,3600.0
9cb407a30d50cc21b796a19ac75810ef,mlic,3600.0,3600.0,3600.0,3600.0,3600.0,3600.0,3600.0,3600.0,3600.0,3600.0,3600.0,3600.0,3600.0
9dfd0d003e6ed5b55dee0a7aa4e11475,packup,3600.0,3600.0,3600.0,3600.0,3600.0,3600.0,3600.0,3600.0,3600.0,3600.0,3600.0,3600.0,3600.0
9f0469fb887a67d061045aa8ca537ced,sc-ep,3600.0,3600.0,3600.0,3600.0,3600.0,3600.0,3600.0,3600.0,3600.0,3600.0,3600.0,3600.0,3600.0
9f27395fe13f8a03b82c08e72c82c6ff,sc-sc,3600.0,3600.0,3600.0,3600.0,3600.0,3600.0,3600.0,3600.0,3600.0,3600.0,3600.0,3600.0,3600.0
a208c352c4e69d9f8f9e0bbd20456a96,ftp,3600.0,3600.0,3600.0,3600.0,3600.0,3600.0,3600.0,3600.0,3600.0,3600.0,3600.0,3600.0,3600.0
a28a8152176e72e8d8b9c67fcfd2ed06,dal,3600.0,3600.0,3600.0,3600.0,3600.0,3600.0,3600.0,3600.0,3600.0,3600.0,3600.0,3600.0,3600.0
a2a2c28b2d4a3e2ceaff83d2a254ac50,sc-ep,3600.0,3600.0,3600.0,3600.0,3600.0,3600.0,3600.0,3600.0,3600.0,3600.0,3600.0,3600.0,3600.0
a3788e02dfaada2f71b78fe25af0edb7,sc-sc,3600.0,3600.0,3600.0,3600.0,3600.0,3600.0,3600.0,3600.0,3600.0,3600.0,3600.0,3600.0,3600.0
a388e15995c7241eca6e03fadbfe4ae9,spot5,3600.0,18.7553,3600.0,3600.0,3600.0,3600.0,3600.0,3600.0,3600.0,3600.0,3600.0,3600.0,312.937
a5b3bb6929c4064e01fb94bb4ea7eba1,sc-sc,3600.0,3600.0,3600.0,3600.0,3600.0,3600.0,3600.0,3600.0,3600.0,3600.0,3600.0,3600.0,3600.0
a5c5b52922e183420c566d7e893883f9,sc-sc,2886.3,241.777,3600.0,3600.0,3600.0,3600.0,3600.0,3600.0,3600.0,3600.0,3600.0,3600.0,3600.0
a6f18a7e227f13c6cee541ac5436d327,packup,3600.0,3600.0,3600.0,186.35,10.0,11.1765,16.1476,19.1996,10.0,18.1152,14.4578,11.116,10.0
a83c6a93bea27d60d464843c14edc9cf,sc-sc,540.387,22.3301,1236.43,12.2035,11.9151,12.8458,17.6143,12.2508,12.3326,12.22,11.8805,12.6785,90.8458
a9b9ef970ecfdfc2c6b48c47159360d4,sc-sc,3600.0,3600.0,3600.0,3600.0,3600.0,3600.0,3600.0,3600.0,3600.0,3600.0,3600.0,3600.0,3600.0
ac2d4f196b60ea84f5d6adee2cb9e656,sc-sc,3600.0,3600.0,3600.0,3600.0,3600.0,3600.0,3600.0,3600.0,3600.0,3600.0,3600.0,3600.0,3600.0
acd69bcc950f738fa28c14e204c79f49,sc-sc,3600.0,3600.0,3600.0,3600.0,3600.0,3600.0,3600.0,3600.0,3600.0,3600.0,3600.0,3600.0,3600.0
ad1380a7d896890ddcd7f3837d53f30e,sc-ep,3600.0,3600.0,3600.0,3600.0,3600.0,3600.0,3600.0,3600.0,3600.0,3600.0,3600.0,3600.0,3600.0
af82b6715d5fa91b93fe8b597f3071b8,sc-ep,3372.88,3159.26,3600.0,3600.0,3600.0,3600.0,3600.0,3600.0,3600.0,3600.0,3600.0,3600.0,3600.0
b0068b30eb7b7e7f8bef7edc21aac35a,sc-ep,1893.54,1210.45,3600.0,3600.0,3600.0,3600.0,3600.0,3600.0,3600.0,3600.0,3600.0,3600.0,3600.0
b07246b894927c5e5fd75ff9a2171155,spot5,3600.0,3600.0,3600.0,3600.0,3600.0,3600.0,3600.0,3600.0,3600.0,3600.0,3600.0,3600.0,3600.0
b0e90c82a1d4f5a8d5aeffee8b358175,dal,3600.0,3600.0,3600.0,3600.0,3600.0,3600.0,3600.0,3600.0,3600.0,3600.0,3600.0,3600.0,3600.0
b1aec43985cdf6552f867344a76de5dc,packup,3600.0,3600.0,3600.0,3600.0,1249.84,2487.33,1406.76,1468.32,1229.49,2233.21,1849.69,1283.21,1275.33
b2056a312db417311c0fcbd7db22bdac,sc-ep,3600.0,3600.0,3600.0,3600.0,3600.0,3600.0,3600.0,3600.0,3600.0,3600.0,3600.0,3600.0,3600.0
b2bc3882f0527299dd9160ea9307609d,sc-sc,3600.0,1655.94,3600.0,3600.0,3600.0,3600.0,3600.0,3600.0,3600.0,3600.0,3600.0,3600.0,3600.0
b2bdb714388e52e8534b5ce5068e276e,spot5,305.947,10.0,3600.0,31.612,10.0,10.0,10.0,10.0,10.0,10.0,10.0,10.0,10.0
b3d60614f4a2d37b1cfdb2f4e40c43e5,sc-sc,3600.0,3600.0,3600.0,3600.0,3600.0,3600.0,3600.0,3600.0,3600.0,3600.0,3600.0,3600.0,3600.0
b51eb68bff2dbf1b9c107c2df33a391b,sc-sc,3600.0,1094.99,3600.0,3600.0,3600.0,3600.0,3600.0,3600.0,3600.0,3600.0,3600.0,3600.0,3600.0
b5e4bd22b32dbbf803700d5df1e3e656,sc-ep,3600.0,613.981,3600.0,70.6576,70.8919,75.0319,109.439,69.2122,69.5427,71.0104,68.8568,81.6739,399.95
b6527cfce5a21bed79115c60452040c6,sc-sc,3600.0,3600.0,3600.0,3600.0,3600.0,3600.0,3600.0,3600.0,3600.0,3600.0,3600.0,3600.0,3600.0
b71c431c61fbc797c67100e02a239f94,sc-sc,3600.0,369.592,3600.0,1746.66,1768.02,1561.5,3600.0,1841.85,1784.1,1783.91,1836.63,3600.0,3600.0
b90649e810e0623a5ac6df7c726bd354,packup,3600.0,3600.0,3600.0,3600.0,3600.0,3600.0,3600.0,3600.0,3600.0,3600.0,3600.0,3600.0,3600.0
b9670b51a92c7f99dc5f45f5863db56a,sc-sc,3600.0,3600.0,3600.0,3600.0,3600.0,3600.0,3600.0,3600.0,3600.0,3600.0,3600.0,3600.0,3600.0
ba58788bcd840c07593ad4a83585cb51,sc-sc,3600.0,3600.0,3600.0,3600.0,3600.0,3600.0,3600.0,3600.0,3600.0,3600.0,3600.0,3600.0,3600.0
ba640c8bcc64b7ccec60abe0e69ef2da,sc-ep,39.6543,10.0,116.9,10.0,10.0,10.0,10.0,10.0,10.0,10.0,10.0,10.0,10.0
bb13afa699ff48f5272be04258fb452c,spot5,3600.0,10.0,3600.0,10.0,3600.0,3600.0,3600.0,3600.0,3600.0,3600.0,3600.0,3600.0,10.0
bb3a07813b93feb1295917abdcc871df,packup,3600.0,3600.0,3600.0,3600.0,3600.0,3600.0,3600.0,3600.0,3600.0,3600.0,3600.0,3600.0,3600.0
be7cea97f70c96d633146a3b4d70d2bf,sc-sc,3600.0,3600.0,3600.0,3600.0,3600.0,3600.0,3600.0,3600.0,3600.0,3600.0,3600.0,3600.0,3600.0
c1e7956dd7204e144dac5630e1e805b1,packup,3600.0,3600.0,3600.0,3600.0,3600.0,3600.0,3600.0,3600.0,3600.0,3600.0,3600.0,3600.0,3600.0
c2238c367b5f9bf21244d7aa36f3da8d,sc-ep,3600.0,3600.0,3600.0,3600.0,3600.0,3600.0,3600.0,3600.0,3600.0,3600.0,3600.0,3600.0,3600.0
c29c61acb4abeb24461b1ba897101514,packup,450.725,282.967,3600.0,550.157,50.871,49.6645,83.0341,72.3172,49.3579,50.7315,43.6466,56.009,50.4982
c2af8b214bdf9bde647aa39968196b27,mlic,3600.0,3600.0,3600.0,3600.0,3600.0,3600.0,3600.0,3600.0,3600.0,3600.0,3600.0,3600.0,3600.0
c33339a2e1766f49ae6b07ec2d6abe1a,sc-sc,3600.0,3600.0,3600.0,3600.0,3600.0,3600.0,3600.0,3600.0,3600.0,3600.0,3600.0,3600.0,3600.0
c400916c81899ae47f7fb4aa702f88e3,sc-sc,3600.0,218.684,3600.0,30.7137,30.9884,30.3829,48.9513,30.1607,29.8888,29.962,29.9791,31.3422,28.3445
c4824871c5f848f21134ed739b6d4faf,mlic,3600.0,3600.0,3600.0,3600.0,3600.0,3600.0,3600.0,3600.0,3600.0,3600.0,3600.0,3600.0,3600.0
c64d82d5b2f2e110cbf09ee64357168f,sc-sc,3600.0,2549.14,3600.0,3600.0,3600.0,3600.0,3600.0,3600.0,3600.0,3600.0,3600.0,3600.0,3600.0
c6532f5f0584de78baf97e976d68ccd9,packup,3600.0,3600.0,3600.0,3600.0,3179.47,3600.0,3600.0,3252.92,3284.76,3600.0,3600.0,3600.0,3600.0
c691fd9f120dcdc257c873604eaa1063,ftp,3600.0,3600.0,3600.0,46.3495,3600.0,3600.0,3600.0,3600.0,3600.0,3600.0,3600.0,3600.0,3600.0
c6f9fd9a763fcd1f8699617f0f2b6653,sc-ep,3600.0,3600.0,3600.0,3600.0,3600.0,3600.0,3600.0,3600.0,3600.0,3600.0,3600.0,3600.0,3600.0
c8610f058a060d956f183a0a6908b419,sc-ep,3600.0,3600.0,3600.0,3600.0,3600.0,3600.0,3600.0,3600.0,3600.0,3600.0,3600.0,3600.0,3600.0
c8c4a077620c27808d4ec4dba2b54725,packup,3600.0,3600.0,3600.0,3600.0,3600.0,3600.0,3600.0,3600.0,3600.0,3600.0,3600.0,3600.0,3600.0
c903bbbc7cc54cf48ce7dc1a4d5872fb,ftp,3600.0,3600.0,3600.0,3600.0,3600.0,3600.0,3600.0,3600.0,3600.0,3600.0,3600.0,3600.0,3600.0
c9ef30e6a34f04e1e14dcd14ace135aa,sc-ep,3600.0,3600.0,3600.0,3600.0,3600.0,3600.0,3600.0,3600.0,3600.0,3600.0,3600.0,3600.0,3600.0
ca020af6a9153311dc5cdc14a82554f3,sc-sc,3600.0,3600.0,3600.0,3600.0,3600.0,3600.0,3600.0,3600.0,3600.0,3600.0,3600.0,3600.0,3600.0
ca7a71c038b4b435e1fbd877bb89b8f3,sc-ep,3600.0,3600.0,3600.0,3600.0,3600.0,3600.0,3600.0,3600.0,3600.0,3600.0,3600.0,3600.0,3600.0
caefa11b5093167b1109810acdd00dcb,sc-sc,3600.0,3600.0,3600.0,3600.0,3600.0,3600.0,3600.0,3600.0,3600.0,3600.0,3600.0,3600.0,3600.0
cafed457a7ff7d9abf490966556b6e6b,packup,3600.0,3600.0,3600.0,3600.0,3600.0,3600.0,3600.0,3600.0,3600.0,3600.0,3600.0,3600.0,3600.0
cc4458dccc0bf33ca10eab9e08994295,sc-ep,316.428,49.1816,736.498,13.8123,13.9287,13.4175,12.1326,13.882,14.1142,13.883,13.8508,13.4104,90.5604
cc53ec55bc50d90f18a2990105c3815d,mlic,3600.0,3600.0,3600.0,3600.0,3600.0,3600.0,3600.0,3600.0,3600.0,3600.0,3600.0,3600.0,3600.0
cdc90fb765448c2fd328c8373c28bfec,spot5,3600.0,3600.0,3600.0,3600.0,3600.0,3600.0,3600.0,3600.0,3600.0,3600.0,3600.0,3600.0,3600.0
ce2f658c1c35769f293ea728dc1a28d9,sc-ep,3600.0,3600.0,3600.0,3600.0,3600.0,3600.0,3600.0,3600.0,3600.0,3600.0,3600.0,3600.0,3600.0
d071da883ffb96d2ef6f247db53ae34c,ftp,3600.0,3600.0,3600.0,3600.0,3600.0,3600.0,3600.0,3600.0,3600.0,3600.0,3600.0,3600.0,3600.0
d10b447b605aa87ee4df8202a37bafe4,sc-ep,169.249,218.111,1412.64,3600.0,3600.0,3600.0,3600.0,3600.0,3600.0,3600.0,3600.0,3600.0,3600.0
d14997523df0fe72ee0b47ec48c747c0,mlic,3600.0,3600.0,3600.0,3600.0,3600.0,3600.0,3600.0,3600.0,3600.0,3600.0,3600.0,3600.0,3600.0
d1a3720661bcd2ac09a173fbb65a9d5d,sc-ep,72.4983,56.5789,404.794,22.5488,23.3556,22.483,21.0488,23.2008,22.4699,22.4745,23.1409,30.722,215.293
d1f4f15f9e0897cbab43942a1cc28f84,packup,3600.0,3600.0,3600.0,3600.0,3600.0,3600.0,3600.0,3600.0,3600.0,3600.0,3600.0,3600.0,3600.0
d255a1e4e11d676310ced285551f6d06,sc-sc,3600.0,3600.0,3600.0,3600.0,3600.0,3600.0,3600.0,3600.0,3600.0,3600.0,3600.0,3600.0,3600.0
d38a0a8e9e7b273432e8da42be8f5ee6,sc-sc,3600.0,1760.34,3600.0,25.6612,25.6199,26.7672,32.9854,25.5688,24.8251,25.049,24.8102,33.0723,2727.81
d49e41cbf817d4e7ba512ab9af9e2e34,ftp,1791.29,3600.0,3600.0,116.565,2580.39,3329.11,3600.0,3600.0,3600.0,3600.0,3600.0,3600.0,3600.0
d50d7e192eaede875b225329ce76db8d,sc-ep,3600.0,3600.0,3600.0,3600.0,3600.0,3600.0,3600.0,3600.0,3600.0,3600.0,3600.0,3600.0,3600.0
d53150866983f2cb24f3d71f80fd6f5b,sc-sc,3600.0,3600.0,3600.0,3600.0,3600.0,3600.0,3600.0,3600.0,3600.0,3600.0,3600.0,3600.0,3600.0
d61bad0234576362b1edf3c3b4a79cba,mlic,3600.0,3600.0,3600.0,3600.0,3600.0,3600.0,3600.0,3600.0,3600.0,3600.0,3600.0,3600.0,3600.0
d62f54e49fcbb28e69412b137d678cb2,sc-ep,74.716,49.4118,343.88,13.8271,13.5614,13.5184,11.5528,13.684,27.6947,13.513,13.5607,14.9469,353.878
d649994e6468405bf588a8b83fb30ec7,sc-ep,3600.0,3600.0,3600.0,3600.0,3600.0,3600.0,3600.0,3600.0,3600.0,3600.0,3600.0,3600.0,3600.0
d783d85d0872b899de3fa7e601256a14,packup,13.7836,10.0,423.546,11.4115,10.0,10.0,10.0,10.0,10.0,10.0,10.0,10.0,10.0
d8f5eedf0b78f8e1144e9669ab7aa10e,sc-sc,3600.0,337.759,3600.0,3600.0,3600.0,3600.0,3600.0,3600.0,3600.0,3600.0,3600.0,3600.0,3600.0
d94f458dc4ca01ce3045953798fe8905,dal,232.282,157.178,3600.0,3600.0,269.034,474.68,1476.93,406.864,315.452,331.933,2533.83,890.956,83.9251
d9dd45ec59d1299425cf8d7d254661fa,sc-sc,3600.0,3600.0,3600.0,3600.0,3600.0,3600.0,3600.0,3600.0,3600.0,3600.0,3600.0,3600.0,3600.0
dad22b18890df09493f04dd2bbd6ca05,spot5,3600.0,10.0,3600.0,3600.0,3600.0,3600.0,3600.0,3600.0,3600.0,3600.0,3600.0,3600.0,514.125
daefb90c84e11995cfab417041e6ce7a,sc-sc,44.2937,10.0,90.1344,10.0,10.0,10.0,10.0,10.0,10.0,10.0,10.0,10.0,10.0
dc555f680123fbaf464cf60e23704907,sc-ep,3600.0,3600.0,3600.0,3600.0,3600.0,3600.0,3600.0,3600.0,3600.0,3600.0,3600.0,3600.0,3600.0
dc7bb0d510320ab34db4f8fb0968fe2d,sc-sc,3600.0,3600.0,3600.0,3600.0,3600.0,3600.0,3600.0,3600.0,3600.0,3600.0,3600.0,3600.0,3600.0
dde3917f0cb712f77f04871616347512,packup,3600.0,3600.0,3600.0,3600.0,3600.0,3600.0,3600.0,3600.0,3600.0,3600.0,3600.0,3600.0,3600.0
df19dfe8dc2732f338a530078afad1ac,ftp,3600.0,3600.0,3600.0,3600.0,3600.0,3600.0,3600.0,3600.0,3600.0,3600.0,3600.0,3600.0,3600.0
e1201475c33a2d8bc98596d490c355fe,spot5,3600.0,3600.0,3600.0,3600.0,3600.0,3600.0,3600.0,3600.0,3600.0,3600.0,3600.0,3600.0,3600.0
e126a9543c7e92f4c43240b91aa45829,sc-ep,3600.0,3600.0,3600.0,3600.0,3600.0,3600.0,3600.0,3600.0,3600.0,3600.0,3600.0,3600.0,3600.0
e1a793be7ebc905d3dd72eb89452c9a0,sc-ep,68.7182,56.7007,327.281,462.647,470.75,482.768,1415.28,465.069,467.246,464.11,449.769,579.398,3256.39
e3ff9192831a0eb2e402baffe0d91869,sc-ep,3600.0,3600.0,3600.0,3600.0,3600.0,3600.0,3600.0,3600.0,3600.0,3600.0,3600.0,3600.0,3600.0
e430e48154136993b99bdfee5a16682d,packup,3600.0,3600.0,3600.0,3600.0,3600.0,3600.0,3600.0,3600.0,3600.0,3600.0,3600.0,3600.0,3600.0
e4466108d97179e994149982fbad3f0d,packup,3600.0,3600.0,3600.0,3600.0,3600.0,3600.0,3600.0,3600.0,3600.0,3600.0,3600.0,3600.0,3600.0
e493583423d95e30adb30c5b9f4c7de9,packup,3600.0,3600.0,3600.0,3600.0,3600.0,3600.0,3600.0,3600.0,3600.0,3600.0,3600.0,3600.0,3600.0
e511f3d0525765d463fa53437023b51e,packup,3600.0,3600.0,3600.0,3600.0,3600.0,3600.0,3600.0,3600.0,3600.0,3600.0,3600.0,3600.0,3600.0
e6892936cfdb566a079740a125c803a3,sc-sc,3600.0,3600.0,3600.0,3600.0,3600.0,3600.0,3600.0,3600.0,3600.0,3600.0,3600.0,3600.0,3600.0
e6b9d3fc4b2e1a1e3b90c688fedf9fbc,sc-sc,3600.0,1172.7,3600.0,3600.0,3600.0,3600.0,3600.0,3600.0,3600.0,3600.0,3600.0,3600.0,3600.0
e742b3c9b7bc59c8157d6d7bb172794e,packup,47.9589,10.0,3600.0,11.4387,10.0,10.0,10.0,10.0,10.0,10.0,10.0,10.0,10.0
e893f1a66ff5a0f5d9cde6e8ad008c78,sc-sc,3600.0,3600.0,3600.0,3600.0,3600.0,3600.0,3600.0,3600.0,3600.0,3600.0,3600.0,3600.0,3600.0
e8a81dd5fb62236de77b7a2fc3a27565,packup,3600.0,3600.0,3600.0,3600.0,3600.0,3600.0,3600.0,3600.0,3600.0,3600.0,3600.0,3600.0,3600.0
e9d6bb011a78ba7dd0d741acbdeb5092,mlic,3600.0,3600.0,3600.0,3600.0,3600.0,3600.0,3600.0,3600.0,3600.0,3600.0,3600.0,3600.0,3600.0
ea67b3b11e7a168fd4ab8d3de01e977a,packup,3600.0,3600.0,3600.0,3600.0,3600.0,3600.0,3600.0,3600.0,3600.0,3600.0,3600.0,3600.0,3600.0
ea94a514684b390471b8d2f23d70c62b,packup,3600.0,3600.0,3600.0,3600.0,3600.0,3600.0,3600.0,3600.0,3600.0,3600.0,3600.0,3600.0,3600.0
eaf667adc64c04edafd12f56b6dc81e3,sc-ep,102.094,137.494,655.367,18.0349,17.9824,19.0692,13.1394,17.9256,18.0351,17.9085,18.3929,18.103,1063.26
ebcb111a3a1b506efaec9aeaee26a8c5,spot5,3600.0,10.0,3600.0,3600.0,3600.0,3600.0,3600.0,3600.0,3600.0,3600.0,3600.0,3600.0,2057.65
ebfe7101d245987cc62159addd8f3859,mlic,999.269,1013.95,3600.0,3600.0,3600.0,3600.0,3600.0,3600.0,3600.0,3600.0,3600.0,3600.0,3600.0
ee34465a4766351af418ff7d9795b864,dal,3600.0,3600.0,3600.0,3600.0,3600.0,3600.0,3600.0,3600.0,3600.0,3600.0,3600.0,3600.0,3600.0
f2f944c76f3fc4326f39ee09bd2bdb19,mlic,3600.0,3600.0,3600.0,3600.0,3600.0,3600.0,3600.0,3600.0,3600.0,3600.0,3600.0,3600.0,3600.0
f32ce767f7530924efe82f1cd6780cea,spot5,3600.0,10.0,3600.0,3600.0,3600.0,3600.0,3600.0,3600.0,3600.0,3600.0,3600.0,3600.0,263.54
f36c58c4bbfb8eac60641006b087297e,dal,3600.0,3600.0,3600.0,3600.0,3600.0,3600.0,3600.0,3600.0,3600.0,3600.0,3600.0,3600.0,3600.0
f50a99108c12e89cbdfe624270baae9a,sc-ep,3600.0,3600.0,3600.0,3600.0,3600.0,3600.0,3600.0,3600.0,3600.0,3600.0,3600.0,3600.0,3600.0
f55872546f904da03e717321e41b02f6,ftp,3600.0,3600.0,3600.0,3600.0,3600.0,3600.0,3600.0,3600.0,3600.0,3600.0,3600.0,3600.0,3600.0
f5920b93bea283d8304cd54779e8e107,packup,3600.0,3600.0,3600.0,3600.0,3600.0,3600.0,3600.0,3600.0,3600.0,3600.0,3600.0,3600.0,3600.0
f5e4cdfbb9a63f99d1b6d81e8a6e566b,sc-sc,3600.0,3600.0,3600.0,139.969,140.412,156.335,100.225,141.103,135.392,140.786,135.684,128.943,211.252
f78ef3aef60b51b5f439105b2995d225,sc-sc,2327.08,25.5785,3600.0,12.0887,12.4001,10.0,18.2482,12.4481,12.1533,12.2299,12.4657,12.4568,27.1443
f818326c1b1a2c646b6c42fbc9309bf3,sc-ep,3600.0,3600.0,3600.0,3600.0,3600.0,3600.0,3600.0,3600.0,3600.0,3600.0,3600.0,3600.0,3600.0
fbc39383132ce803f437210dc49afd17,sc-ep,207.899,26.4409,443.791,10.0,10.0,10.5403,11.6667,10.0,10.0,10.0,10.0,10.559,12.114
fe617bf7d6972f4a4553cf896dbd97f8,packup,744.262,756.97,3600.0,3155.5,197.306,141.208,175.55,755.646,189.473,236.369,233.68,300.7,199.431
fea1fee0711eb68c0a0a4a0973341741,mlic,3600.0,3600.0,3600.0,3600.0,3600.0,3600.0,3600.0,3600.0,3600.0,3600.0,3600.0,3600.0,3600.0
fea8b850119c612db5072257a9a231cc,dal,3600.0,3600.0,3600.0,3600.0,3600.0,3600.0,3600.0,3600.0,3600.0,3600.0,3600.0,3600.0,3600.0
fed397ce5b6dfc0b6fcfadda8e691d8e,packup,3600.0,3600.0,3600.0,2561.91,777.893,493.503,3600.0,1551.42,781.291,1322.14,1307.5,636.065,750.814
